{"cameraMode":{"drawMode":0,"name":"Shaded","section":"Shading Mode"},"sceneLighting":false,"audioPlay":false,"sceneViewState":{"m_AlwaysRefresh":false,"showFog":true,"showSkybox":false,"showFlares":true,"showImageEffects":true,"showParticleSystems":true,"showVisualEffectGraphs":true,"m_FxEnabled":true},"in2DMode":false,"pivot":{"x":0.9507321119308472,"y":0.7077251672744751,"z":0.028418809175491334},"rotation":{"x":-0.04977928847074509,"y":0.9395257234573364,"z":-0.15529482066631318,"w":-0.30116182565689089},"size":1.4072363376617432,"orthographic":false}