{"cameraMode":{"drawMode":0,"name":"Shaded","section":"Shading Mode"},"sceneLighting":false,"audioPlay":false,"sceneViewState":{"m_AlwaysRefresh":false,"showFog":true,"showSkybox":false,"showFlares":true,"showImageEffects":true,"showParticleSystems":true,"showVisualEffectGraphs":true,"m_FxEnabled":true},"in2DMode":false,"pivot":{"x":1.2619225978851319,"y":0.8266746997833252,"z":-1.3810787200927735},"rotation":{"x":-0.04977928847074509,"y":0.9395257234573364,"z":-0.15529482066631318,"w":-0.30116182565689089},"size":2.8025195598602297,"orthographic":false}